,r_squared,mae,rmse,md
All,0.225931736882045,1131.89230769231,1499.29255830362,0.435082063652193
healthy,0.254158109385506,717.22,890.396568951161,0.349354089556572
Vicosa,0.335700018822644,354.35,442.339682823054,0.478992832199963
